Date,AAPL,DBA,EPP,EWJ,FEZ,FXE,GLD,ILF,QQQ,SHV,SPY,USO,XBI
2024-01-03,-0.007515884256732715,-0.004845005204007627,-0.010071495715393642,-0.00552182333340006,-0.013890614563688782,-0.001982782118619462,-0.008371755159892112,-0.004546231509665644,-0.010637967606894002,9.084977987626301e-05,-0.008200262167733624,0.03613420606279638,-0.022754993043410016
2024-01-04,-0.012781344305360251,0.006293845302061219,-0.0049557160303396255,-0.0023758615677567712,0.004508969436548184,0.002873667541439041,0.0010041086074332737,-0.007387916770423259,-0.005159682219148182,0.00045374835352566026,-0.003226278696876507,-0.009133869287912003,0.014072845391863667
2024-01-05,-0.0040210727087896065,-0.00677963940291409,-0.00023666829132977337,0.007425504350754725,-0.0015008180184283874,-0.0009897833644653036,0.00015844285681933427,0.012980400320882655,0.0011853001800856268,9.110171708935592e-05,0.0013686872729632112,0.02137708198407873,-0.0016782842272656422
2024-01-08,0.023887169644119344,-0.003407182685686872,0.004485913172472388,0.014532649563705558,0.012790569363717516,0.001682422160522891,-0.00784697829301582,0.0017411793650628348,0.020457333951123112,0.00018119917360970883,0.014175017912430017,-0.03884409556923109,0.045103800988102606
2024-01-09,-0.002265934020251883,0.0068027958857167755,-0.010419362966552876,-0.006068614537625252,-0.01107574115128104,-0.0025741901969298458,0.0003193058065587502,-0.017904593956481894,0.0019735697450175183,9.070026942086831e-05,-0.0015181649632471973,0.014799550438628694,0.0019251466459908639
2024-01-10,0.005655361023305351,-0.0019389383124841348,-0.0016675482892919173,0.017789929512722038,0.005553289930968452,0.0036610999451264534,-0.0022906686849215973,-0.0007087473749150066,0.006754672349433024,0.00018145117832419616,0.005639515424377399,-0.012392870067949613,-0.01149757461917559
2024-01-11,-0.0032277412343440066,0.005322964515368297,0.0,0.008853677376712863,-0.001278741343793588,0.00039513758622033946,0.001971362878362661,0.006008107399739267,0.002078694118844515,0.0006347823350649984,-0.0004407476683010669,0.01624361733911579,-0.022514612159373358
2024-01-12,0.001776654506871416,-0.005322964515368227,0.004045288558565555,0.009528932356123303,0.0012787413437935736,-0.001679928484008697,0.009746417465784744,0.004219448348483471,0.0005128106825766687,0.0002719800169404004,0.0006923480896949645,0.005454353054606214,-0.0005528660778417124
2024-01-16,-0.012393661740880172,0.007251714900246769,-0.02622542312882795,-0.007403378540989123,-0.018487236955956075,-0.006947182635573701,-0.009533481464917172,-0.022712047567977026,-9.766511902555213e-05,0.0,-0.003677919422975125,-0.011384711744944523,-0.015155073444118913
2024-01-17,-0.005186982424450677,-0.007251714900246652,-0.013498793610799933,-0.012513558574750599,-0.006311951162287121,0.0006968863230313333,-0.011077075533253638,-0.00865188716741841,-0.005656819588843603,0.00018125384598009932,-0.0055741548821903256,0.010207980185228916,-0.008117525025795875
2024-01-18,0.03205159547869402,0.01157754017528763,0.008366140164917437,0.009323620994016723,0.014092480000873164,-0.0010952916895177853,0.0081991767942437,-0.0003620618863211348,0.014094399559429888,0.0002717063650239767,0.008853514140988865,0.01635065794270974,-0.014595305384266753
2024-01-19,0.015413649096246693,0.007644620997241404,0.008296728172616917,0.0025831058981524756,0.0034385899739652424,0.0027856661546596232,0.0029842685447011067,0.005057727779171994,0.019636968543587797,0.0002718581385031501,0.012389127400427954,-0.0034812606749583504,-0.00011484390899147853
2024-01-22,0.01208980923118502,0.00427446176316428,-0.005116397461511375,0.01176650527429511,-0.0006437871813285923,-0.00039745521452439993,-0.003785111631635069,-0.017448627291587266,0.0013051131499078967,0.00018104735039136172,0.002112037785160618,0.012562474547873417,0.022266052830469084
2024-01-23,0.0066311822694893495,0.011310192781434464,0.011656293273811307,-0.008887581847923615,-0.001934110878583195,-0.003783920217098437,0.0038915513093621982,0.013476767613507705,0.004140867243587194,0.0,0.0029122616174544246,-0.00043055297375465054,0.0024685388067104113
2024-01-24,-0.003490003183874343,0.007469742570046555,0.006737403689512944,0.0012098094916269083,0.019806832708712377,0.002988535561944569,-0.008281084265806402,0.0007233581150679333,0.005533936554975253,9.043621270574104e-05,0.0010924927406988439,0.012553620277697722,-0.017067407683728823
2024-01-25,-0.0016978970276961237,-0.004662046331166805,0.0033515630763636542,-0.003785360575731524,0.00525813109157517,-0.003587629647079578,0.003962127078988696,0.01007200589029565,0.0012204039579592064,0.000543272035766011,0.005424251529637931,0.02367558075162293,0.008852706856645196
2024-01-26,-0.009053817734522445,0.002333739997622171,0.003340559615610455,-0.008072553256194987,0.008979927154047603,0.001297153060637696,-0.0006949345993064864,0.008908032711904141,-0.00597532067683337,9.03037987185542e-05,-0.0012711814920467954,0.011972827343507776,-0.0029422896675143587
2024-01-29,-0.003592288102271662,-0.004672939080189301,0.0035667009169193273,0.011857913831926359,0.0033209964666041183,-0.0019959614627092104,0.007033690942252051,-0.004622278553638105,0.010188370727049511,9.052099798480106e-05,0.007888101247716365,-0.014467981080234718,0.028599097643511855
2024-01-30,-0.01943347590396984,0.01487708999153942,-0.006907260532529716,-0.0036337089106609354,0.002069942727240845,0.0011977256412839675,0.0013795741766668092,-0.0035701601802750524,-0.006678751719045544,9.043769371123069e-05,-0.0007737190403141759,0.010492910073783456,-0.022610690693457704
2024-01-31,-0.01954737518600496,-0.0018475887983962235,-0.007918439220829297,0.004237886959214756,-0.010601941334686534,-0.0033981539963094643,-0.0007426235867567754,-0.004660390565389377,-0.019780704237606934,0.00027148928938740074,-0.016451990961186592,-0.026300819488012092,-0.015210310723649789
2024-02-01,0.013252423474843502,0.0027701046781813446,0.00767943466930888,0.0106663879255577,0.012048405774257321,0.0060808060713202616,0.010346957700093572,0.01815976243081713,0.011706683316755,0.0006628300834229824,0.013003365135967794,-0.026431976704886312,0.01746088260534437
2024-02-02,-0.005419768212212708,0.00046093899771097973,-0.005753991692403776,-0.006145467431486217,-0.006421727519319159,-0.00710449228067225,-0.009498266920115546,-0.009929211685152624,0.016759359933033572,-0.0002723602304707364,0.010472259233150361,-0.022844711985576926,-0.011303420294078827
2024-02-05,0.009798417736726819,0.0004607266308358194,-0.008208689342632426,-0.004822845003589279,-0.0037475710292661406,-0.004226622247619786,-0.005529246178959096,-0.00500186057772012,-0.0013061826810296352,9.082000412158727e-05,-0.003647818635671075,0.009875504488838303,0.004989408518676813
2024-02-06,0.008594669460236506,0.0027599110151343754,0.013484500494174802,-0.00015123425370524847,0.008102184871425892,0.001310208500753869,0.0052110917695982265,0.023364002209011008,-0.0020092846782339365,0.00027226046519238133,0.002899120556688592,0.009197776548201076,0.015154185468404812
2024-02-07,0.0005810401709557683,0.0036680723390330756,-0.0011966456965659942,0.005725444964504438,0.0002070365120639053,0.0015095762225581367,-0.0002652330017039186,-0.0028031312742958087,0.010237650916418836,0.0001814908113348657,0.008305796557918592,0.008825936323178959,-0.019007485070066273
2024-02-08,-0.005771421250492328,0.0095649797572349,-0.0048007600668445016,-0.0025572819992360787,0.003510515178784751,0.0005025284776308456,-0.0009022539588233346,-0.01841408826786682,0.0018502215644574775,0.0004537704387997992,0.00044152870029523484,0.029802099871098716,0.012973272194068712
2024-02-09,0.0040856122578681745,0.0036199394703853725,0.00527960948663488,0.003608340926991552,0.007189107007648499,0.0008039143853367418,-0.003883683822386861,0.002855077910871802,0.009794933609421531,9.035448620478033e-05,0.005762765087747786,0.002095140529148883,0.020193749561143694
2024-02-12,-0.009042556201229842,-0.004073354668066312,0.002629340444249511,0.005090041890367262,-0.00020466867124040766,-0.0008039143853366823,-0.0026153866387210066,0.006748447391507662,-0.003920228348672449,9.094610534822798e-05,-0.0004389287967932075,0.006120514935426306,0.022375213616423348
2024-02-13,-0.011338494275895514,-0.002724726696635325,-0.02587497236855996,-0.0034403539656420417,-0.019847678090021338,-0.006150150893852327,-0.01388463719494907,-0.021467745647631615,-0.015719933831757696,-0.00018130059155306875,-0.013868820246288731,0.007460671626600752,-0.048188780387555856
2024-02-14,-0.004821451557662362,-0.00455792561461206,0.015556874709759071,0.003888168276328598,0.013481586690898184,0.0019197757872212358,-0.0005962900909107332,0.011864220345252278,0.010838269043539411,0.0003625683191597798,0.009046669366073175,-0.015256862364882677,0.02691130160565488
2024-02-15,-0.0015759059744574677,-0.004119971319751637,0.014368108888231932,0.009506761700777936,0.01187790361134765,0.003928888325252248,0.00670130851432818,0.008540968997455413,0.0029732892344386586,0.0005439057919618362,0.006876002357863457,0.01786865592877021,0.02310172247910743
2024-02-16,-0.008466159789963764,-0.005058589911268973,0.0033231153428020114,-0.00014775932894352218,-0.002241884065222352,0.0007035641470944597,0.0036558786728406838,0.005301306538961135,-0.009109038345745904,0.0,-0.0049924261687469265,0.00779501142506072,-0.0012873703742235548
2024-02-20,-0.004122333287923022,0.014191138879258616,-0.0014228266261630596,0.004426090280331817,0.006508196690852984,0.003210026928727455,0.006045896751115412,0.007024899863394484,-0.007576738067746123,0.00018121124145084315,-0.005520547802933362,-0.013577736954721916,-0.00830060873527607
2024-02-21,0.004177262967189365,0.006795001780422649,0.0009487441371531954,-0.0020630479223472313,0.00646579067167806,0.0009009714955843938,5.331114505738622e-05,-0.0007003099603206155,-0.00400981493310042,9.085545132409513e-05,0.0009053729142543584,0.01071290022291577,0.0009738729758064966
2024-02-22,0.011181246823159153,-0.0027124086609795466,0.007322619259835965,0.01624138997265035,0.01578612473756783,0.000500093346537545,0.0004266309391015458,-0.003157331553636194,0.0288553162560143,0.0003621413466156181,0.020484264176965597,0.005449625726195423,0.01800492562649591
2024-02-23,-0.01008480347499748,0.0031637772846881108,-0.00023544274775780212,0.0015953800821290757,0.0005946145586434614,0.0,0.005635602023986148,-0.010597070586033867,-0.0029490910620715957,0.00018109636266273472,0.0006894057831889809,-0.02309064029901898,0.006352526953442208
2024-02-26,-0.007479156129605592,0.009878822750354647,-0.00400979309130751,-0.00014505383552568238,0.0011881694678905525,0.0027964890373568378,-0.002229172292928307,0.0021285056976352774,-0.0005266549590087581,0.0,-0.0036692918952053724,0.012024231004058257,0.026968264492298475
2024-02-27,0.00808159527640756,0.0026774854557418478,0.004245235839065282,0.002605366566838849,0.0047383735243508845,-0.0003990311308174073,-0.0010632481058260926,0.017562811396626833,0.0024023067595619558,0.0001811384165176656,0.0018560421798649875,0.014457392607701923,0.05545034954017912
2024-02-28,-0.0066474700604614734,-0.012105143224108276,-0.012075462802540645,-0.007399516190828196,-0.0021690239485038986,-0.0004988955310938182,0.001806857807827473,-0.01862642392957252,-0.005338743323861447,9.033239445921181e-05,-0.0013224805336457346,-0.003119223057094118,-0.013306040064798921
2024-02-29,-0.003699938639075557,0.00045096152393693983,0.004989865119799401,0.006531814665066549,0.0009864744762152287,-0.0031995925901132324,0.0051370494877010335,-0.0035536666969067155,0.008532868045102103,0.0005430198184532695,0.0035884833867536377,-0.0035379289902673218,-0.031110277453526746
2024-03-01,-0.006048751217087245,0.0009014028361115199,0.009201429089086706,0.017354343500817358,0.003936274073340825,0.0033552502960807018,0.018734204946424127,0.0067411902486609505,0.01494468649978976,0.00025435027160822173,0.009344470932649295,0.021575789448461752,0.031110277453526833
2024-03-04,-0.025708845036478793,0.011198315550522336,-0.005416228556013647,-0.005846627231840721,0.0031379013153021913,0.0019979195674673404,0.016045575240364,-0.005318222617290072,-0.0035744978326440052,9.08504103754754e-05,-0.0010730391453996836,-0.012754377643168217,-0.007910674616966625
2024-03-05,-0.028853216892549122,-0.011648870668069479,-0.00544572391388191,0.00542013256218255,-0.006679810476109444,0.00019959601395878984,0.006002093012312608,-0.005346657398973964,-0.01811262749831704,0.0001815265490551643,-0.010044268061939334,-0.007595387002346809,-0.012688146674170012
2024-03-06,-0.005895392392101294,0.0071845458854828785,0.016249097595527603,0.015105741299371887,0.012147555760201446,0.0038836362149022963,0.008181839163568716,0.009603525302379363,0.006264026225093,0.0001815683466104712,0.005054379688926823,0.012044254536371039,0.006614024545629761
2024-03-07,-0.0007100177538833241,0.004464324782586597,0.012304147709032865,-0.0004206093802979526,0.016992104817445588,0.00456095204226928,0.005667751261581818,0.0010613547138846363,0.015064134596340638,0.00036303782194619267,0.009877419568161681,-0.0014806892546147526,-0.013373205261385976
2024-03-08,0.010184657316365118,-0.0008912719643467893,0.0002306784173193267,-0.002245100409682926,-0.009232616668705177,-0.0008907046283548308,0.008417025116951235,-0.021083505124173913,-0.01454009728699068,9.070151125099896e-05,-0.006020276459664629,-0.011789590084702966,0.0016183072831491361
2024-03-11,0.011762142705034773,0.013726061709817891,-0.006015655740463623,-0.02244737154363567,-0.0021279048593268323,-0.0009909393175800752,0.0018333385345244608,0.0010828078690187583,-0.0037197634023822083,9.091739354231715e-05,-0.0008601134319399422,0.0035379289902672437,-0.021657747237513666
2024-03-12,0.002774751513256948,0.011368722216605353,0.0030124912480077016,0.005444985225687787,0.011552023362166604,0.0,-0.011000916093968595,0.006114062097857558,0.014233199928648492,0.00018113779006968014,0.010699875228497488,-0.0036742814721483132,-0.006527612427301402
2024-03-13,-0.012196599684690397,-0.0017406569593629618,0.006917133539047248,-0.00875512210588038,0.004011866722766043,0.001980587977836278,0.006982966028737541,0.010344223851999982,-0.007715709987895908,9.096734592236554e-05,-0.0015687305408697242,0.02344486155591102,0.009312124328767457
2024-03-14,0.010868119772172734,0.005646092322054775,-0.017383665066106915,-0.004478827002333809,-0.007847732570030921,-0.0048590295331390485,-0.004183879789555109,-0.003198778943363051,-0.002524513221392161,0.00045336897147926514,-0.001978669720675828,0.01598563294504645,-0.02767090353161957
2024-03-15,-0.0021990212658774145,0.021423252995296772,-0.004687125620552067,0.007357881867926751,0.0015360354990500375,-0.0002980742024532485,-0.003199519647615261,-0.0057122804359029415,-0.011958053256295372,0.0001814542491900445,-0.006890400324545585,0.00039309151180578973,0.0027491024670428313
2024-03-18,0.006352223787999733,0.00549563621751602,-0.0011752695381060671,0.015404618763819107,-0.005222970175242328,-0.0015923225490655515,0.0016010012977577042,-0.0003581919985486963,0.009492362035617112,9.045357998591225e-05,0.005925566112634229,0.0213863568040564,-0.01875794898835418
2024-03-19,0.013493498192000627,-0.007192721325091103,-0.000705711480156272,0.0038143042292724063,0.0025089550220119957,-0.00049809197659835,-0.0011504677080451668,-0.006828333933106148,0.002488356221269474,9.044539887583662e-05,0.005541681504841716,0.005754084512535787,0.009636159092806112
2024-03-20,0.014602109163723901,0.010139576142062578,0.008903456679486775,0.007725297976587136,0.013782759121830435,0.005465413874097505,0.011841472011166752,0.0266872475188374,0.0117869385680881,0.00027203313749213777,0.009206773631177756,-0.015159595337779516,0.013861857784438771
2024-03-21,-0.041715592815063596,0.005449560320309056,0.0006995522267849119,0.0050244554406839,-0.0045732292851569985,-0.00596383208911332,-0.0010391759354036452,-0.006340330966423097,0.004721025880360575,0.0003624217675020193,0.003299301841907713,-0.005581896832704567,0.0004203218358682713
2024-03-22,0.005296080776633859,0.006666656338909695,-0.009132574058297128,-0.0001392491623881938,-0.005169929895340598,-0.0044960378318570915,-0.008053310017860683,-0.008516722041587998,0.001143225311557979,0.00027163696107367796,-0.001897570801879391,-0.0018240967878449877,-0.0173771161041753
2024-03-25,-0.008334886451747825,0.02298952009849353,0.003053625361279134,-0.011623919333219983,0.003066856359298632,0.003099300037096337,0.0031893153617754324,0.001068611856731527,-0.003635765501810877,0.0,-0.0027667370301347172,0.013986265466977597,-0.009558034773097452
2024-03-26,-0.0066950141729659835,-0.0048819817244922,-0.002818348729097264,0.004357326092598454,0.002103073536041878,-0.0009985863115656182,0.0032287432792988957,0.0031987789433630055,-0.003243065143170363,0.00018107517028438262,-0.0018486333857303152,-0.006062594660150216,0.00021574743580528088
2024-03-27,0.02099074928685803,0.006098782320761565,0.010527654084725405,0.004338312255138495,0.008178776428992432,-0.00019975875716051034,0.007214572450621008,0.005661820885058136,0.0034003282153126447,0.0006336167532701971,0.008368715990755206,0.002842394889994873,0.02366842225997451
2024-03-28,-0.010615305755336481,0.0036415433093086817,-0.003730389032904046,-0.0036372959845658455,-0.004556656244372913,-0.003404216061562096,0.01281752820240996,0.0035222999639955696,-0.0018450557045536554,9.05051967174925e-05,-0.00019109168192570612,0.015617331980804382,-0.00021070045898854907
2024-04-01,-0.008491634014497493,0.012442473405140918,-0.0014026327872849707,-0.015110120353490018,0.002280885506350939,-0.004057921552155122,0.01015632882706488,-0.012738976878474093,0.0021148291483777423,0.00010896781680210862,-0.0017414716621263512,0.011868760574354039,-0.011020497979825515
2024-04-02,-0.007023298010847121,-0.012442473405141033,0.0016361667057591955,-0.005135440437773679,-0.011457041301352791,0.0026196824921066435,0.014664311961913869,0.007097267334718312,-0.008667658451949695,9.063608927501959e-05,-0.006378278674032599,0.013960126414517587,-0.034361030037206766
2024-04-03,0.004785912797289996,-0.0024261411400597426,-0.0007008596173451496,0.006841596273563741,0.00841467764933037,0.006520001926757577,0.008734121015036823,0.0010601557490179383,0.0022419089531895914,9.092573462578224e-05,0.0010979522352866059,0.005677614386043164,0.003962173329569697
2024-04-04,-0.004904364729087846,0.004040277951349204,-0.005154669814844361,-0.010423517205741096,-0.011684814033698575,0.00010002928656586289,-0.005751211782367559,-0.0028297558707228786,-0.015408743818208125,0.0006356534176730411,-0.012281199158207454,0.01247565916713096,-0.017172091664421015
2024-04-05,0.0044916109677559735,0.01122714303015818,0.006089102921286691,0.002866562423085544,0.0015403331513279758,-0.00010002928656578904,0.01696939930469014,0.0014158419800570352,0.011714939323203853,9.078528608918135e-05,0.010392672096237576,0.0015789750563960673,0.007680833902860055
2024-04-08,-0.006685780293286683,-0.008006505163552603,0.003030469198588615,0.004996796267313128,0.006519596475016535,0.0021972453890010697,0.006209168519561672,0.01579265851946631,0.0002950738408063537,9.100025695447383e-05,0.0005591786830639124,-0.0024301904972476177,0.002436550769522461
2024-04-09,0.0072163158455357465,0.006410324249956782,0.006496669098426163,0.003695720162487955,-0.005942765492284649,0.0,0.005482001328254476,0.0055555163253008105,0.0036926471316266964,9.076878488553003e-05,0.0011561463786181102,-0.01285595217233564,0.013623696957063613
2024-04-10,-0.011201795528557225,0.008747554243141546,-0.019381843040931112,-0.015730335483876475,-0.012381646494212447,-0.010328383784267724,-0.009508923035404604,-0.02170191054427319,-0.008766763251579497,-9.07687848855631e-05,-0.010063717205115584,0.011516848985476157,-0.018614146226513317
2024-04-11,0.04236088195378162,-0.0023780606513440434,0.003765601822629686,0.008753753075942587,-0.0003894124449959217,-0.0017151497147624355,0.01924683287449554,-0.0017708536554660217,0.015842092417555267,0.00045361281658983323,0.00751860846577205,-0.006599795260321502,0.014677966197364759
2024-04-12,0.008589810693016188,0.009085570975560127,-0.022088562421019534,-0.013376746867364134,-0.021455407082186,-0.00821208566050861,-0.013327746093360097,-0.020050752864896267,-0.016070273321769492,9.043016804162761e-05,-0.013899171459963819,-0.0002453307865668805,-0.03489190766288455
2024-04-15,-0.022106124541898572,0.009003766062289791,-0.00892535828518881,-0.0042081791135789096,0.0005967247205089203,-0.0009166573207237367,0.01854610800435578,-0.014939273358349816,-0.01658787327006146,9.094248882854638e-05,-0.012607316413219284,0.0014708024021412203,-0.020631078092439605
2024-04-16,-0.019353375539625104,-0.023261456152358095,-0.01784674720710628,-0.014057831531526304,-0.0029871109523502224,-0.0004075669638381837,0.0012212692273934644,-0.020022837918757364,9.2805284656408e-05,9.093421904414325e-05,-0.0018254402841310332,-0.00392686341194556,-0.00860671361373291
2024-04-17,-0.008180650902700638,0.013470902396314516,0.009329727614730722,-0.010674719297529755,0.0013950530585416048,0.004881062860950008,-0.007395532411290297,0.0041112496724826815,-0.012276377167847343,0.00018110026937977688,-0.005935772817803241,-0.030206965750945645,-0.01127695165640541
2024-04-18,-0.005730813638286635,0.020257791672397454,-0.004162978062924083,-0.0029854041714719106,-0.0005975960038982581,-0.0024377518987043646,0.0034096367107846366,-0.0022404963871766924,-0.005722700022228083,0.00045327596329965256,-0.0020598086332914525,-0.0016488668939575347,-0.01391796678235284
2024-04-19,-0.012287770112586846,0.022121426757701308,0.0012261879105957786,-0.0059979167343204385,-0.0011964241854754928,0.0008133767048071059,0.0031266420969041134,0.011891671248727205,-0.02090620522144457,0.0001812825881775898,-0.008766740160709326,0.0008881520097101191,-0.007816744020409576
2024-04-22,0.005078012711414782,-0.012144372904661443,0.015081760248622204,0.010175108649135246,0.010913930965032324,0.0,-0.025012716627157542,0.00846065129332369,0.01000651770126939,9.055468913265944e-05,0.009167024209701924,-0.0008881520097101288,0.011045741392690392
2024-04-23,0.0063712649008500575,-0.009206038303840404,0.011283325840968587,0.002230649417354317,0.017993722627001368,0.004763900969682202,-0.0024616906480957905,0.006935514207636282,0.014812482700862419,0.00018130758919225026,0.011796806051857319,0.015117503343163788,0.011161375099876565
2024-04-24,0.012622392901574707,0.02248142785365297,-0.0007164249969173688,0.004298507298883455,-0.004273480702178224,-0.00010102449828980188,-0.0018618228395408355,-0.006569341739828633,0.003382068146647647,0.00018127472270931344,-0.00047473763122100177,-0.0042601738587208825,-0.008895162808406593
2024-04-25,0.00513421026696065,-0.014039336973029145,-0.0011951191705563667,-0.015652100550293382,-0.004878510598053635,0.0027269214856333024,0.005945756955740473,-0.002199431503051276,-0.004841518705019457,0.00027151642534893746,-0.003806283414978292,0.009995123722986861,-0.020703773054844773
2024-04-26,-0.0034790269388902365,-0.004979858561036296,0.006912103278517083,0.008527286117708472,0.010701495643356203,-0.0025248037188448998,0.0032366836371748075,0.018542720173783334,0.015313703205081063,0.00018111844698568658,0.009429361179062387,-0.0006218125076125912,0.015328135166804115
2024-04-29,0.024505220326577364,-0.0367659994513898,0.01063212423002177,0.009045713761991191,-0.0031013356586532745,0.0021212317310016575,-0.002033283758808563,0.009322352545287177,0.004052121400876793,9.054692351850692e-05,0.0035353041548886062,-0.011132761087201501,0.024023484683436173
2024-04-30,-0.018439767585506733,-0.018496759796828167,-0.020658470458991225,-0.006962403704865072,-0.019802611752607502,-0.004753617348250795,-0.02013850411793736,-0.02310580044512529,-0.019036204264782437,9.053872551557258e-05,-0.015968105342982045,-0.0141882639306748,-0.010579563037181407
2024-05-01,-0.006065452741070657,-0.03300628727525788,0.002396446673676503,-0.0023813306492484966,-0.003173381848234607,0.0019178793968217093,0.009021337418355644,0.002553456701406725,-0.007256787430132659,0.0003090315247506157,-0.0032524405983535695,-0.03175689048529639,0.03152346625488525
2024-05-02,0.02179276057372791,-0.016494297090092758,0.02271743115561455,0.020062646824384887,0.007914731129326705,0.0034409561131483594,-0.003091862325121168,0.014107663170516937,0.012682670511560145,0.0004541364038110574,0.009309968200903617,0.0,0.01149870713586781
2024-05-03,0.058095326686463195,0.02193254218097604,0.011630794868257714,0.011471819971926688,0.009415394899436788,0.0035299332193027477,-0.0007979449099420573,0.014973508859487334,0.019899169240803777,0.00018180441824439112,0.012319028350805873,-0.010591957420973446,0.018394712183960386
2024-05-06,-0.00914836302795088,-0.007958130608503157,0.008749699541933961,0.005902404133861102,0.00971450302328651,0.00040245609395369984,0.010463427933373832,0.007052147710744062,0.010893678610244862,9.081568392362619e-05,0.010273914357430393,0.007029757783726227,0.006645949124498341
2024-05-07,0.003790072588130824,0.029828191734615907,0.003661336765977852,-0.01096852227622995,0.007320321910309656,-0.001107478022408637,-0.00461094049941965,0.005256791847533954,0.00015908366723078624,9.058506169573743e-05,0.0011028946250372235,-0.0021170113520887217,-0.0016574144528386985
2024-05-08,0.0018622204473649686,-0.002861252713570038,-0.006875912635681179,-0.012705695083743149,0.004978047606735812,-0.0007052835550591031,-0.0029453952906236033,-0.00034953116107442185,-0.000590680128099587,0.00018188662732059984,9.664601666961456e-05,0.008047014043655872,-0.01470441558289734
2024-05-09,0.00996437983824541,-0.001228761763183464,0.005046966036460201,0.004399478245629971,0.009693160427325232,0.0034217514460877637,0.01565541986116323,-0.0021001219287884823,0.002179079735148814,0.0003630072735792105,0.005745224036861825,0.005372430403400711,-0.0014598631083887962
2024-05-10,-0.006914018817800967,0.01100479613128455,0.0029705028054438317,-0.005723081739092286,0.0035872426007466252,-0.0007036047417057482,0.008079783894319735,-0.00386170394520702,0.002355428006208691,0.00018141719771438375,0.0012873916657481724,-0.016071925368196245,-0.009485261865143873
2024-05-13,0.01749164146446613,-0.049864948520623426,0.004325481666415454,-0.003981354614054813,0.000941896166052696,0.001707929906010608,-0.011265319955387511,0.0010545651875359394,0.0023047481073318805,0.00018145834940021087,0.00013432876678493987,0.010962193906755544,0.019548941590699878
2024-05-14,0.006154526848327878,0.009752108055826358,0.0034016916396311238,0.007800533238849934,0.006381398622742643,0.0024059139305094637,0.008426442720749588,0.001053600690680919,0.006411651931825018,9.056872611794574e-05,0.004577680346462091,-0.012158180575230207,0.009963494515721025
2024-05-15,0.012143939750935561,0.0067284162762523,0.011927733103279565,0.011080350433479397,0.008754703022037765,0.00618901222280514,0.012757032448187955,-0.0017565450165150335,0.01550941652092829,0.0002721011590416673,0.012306906015410946,0.008868920205058686,0.019958114770673465
2024-05-16,0.0006322085951653203,-0.01520301938417769,0.005354727942339403,-0.010201308469131807,-0.010252566762958855,-0.001294660247567682,-0.003900942141432421,-0.0038753090089995814,-0.002033545932875687,0.0002721751619773494,-0.0020596320712335686,0.004864306617097663,-0.00021593383791896194
2024-05-17,0.00015803017243980972,-0.0004257100181434152,0.007095294786734154,0.006715490014085985,0.0028065817887622966,0.0006972195712170036,0.016363162829441925,0.0056318540255147435,-0.00048680863988353817,0.00018138429568860355,0.0014365752154528986,0.009398335918171338,-0.015345506270992987
2024-05-20,0.0061431347350167686,0.01058666616373565,-0.005983277868293247,0.007103914548233848,-0.0013087180478412105,-0.0012952790155749102,0.004015863208074463,-0.0007022038332723143,0.006948439612805024,0.0001810554650640365,0.001151435331583424,-0.0031229414661702254,0.01188338004514779
2024-05-21,0.006833960011612447,0.011309018300039433,-0.0024479458512030104,-0.005795436912815414,-0.0011231874160813737,-9.949111855650615e-05,-0.0014706294501547247,-0.004929650192242379,0.0019545671058524864,9.077436196454934e-05,0.0024496020812422295,-0.007456371371994017,-0.007615377331310292
2024-05-22,-0.0075669674769126135,0.004156311454361603,-0.016172927570110116,-0.011692618907548788,-0.009220075087230405,-0.0033960887024972065,-0.018544867564565665,-0.018885279134329924,-0.0001975066296903611,0.0001813021158397083,-0.002883640303361346,-0.017083125640254306,0.006531093430497988
2024-05-23,-0.021283078347736323,0.02133842763209209,-0.007500777848793592,-0.004420105396722106,-0.0037878492843929435,-0.0007006470894873076,-0.02014614803918644,-0.008670566600910942,-0.004508476447364522,0.0005433395892885599,-0.00733114409448196,-0.005625594787959232,-0.03140932112316
2024-05-24,0.016452100611523836,0.0016227300406368161,0.005687583788362859,0.01086804983385654,0.00944281857419938,0.0037975032407759762,0.0009266841017383871,-0.002543176403145604,0.009411965405009569,9.062645952862431e-05,0.006594842622013739,0.01201618668264031,-0.005500952290340734
2024-05-28,5.272153923535387e-05,0.021652806572555958,-0.0013621021219473307,0.005680567781655492,0.0007516055465945095,0.001096593207056763,0.01045829379441463,0.00363116474064764,0.0037705294386647025,-9.062645952875168e-05,0.0006985195039903979,0.03019646663723591,0.003371557179203555
2024-05-29,0.001577690924166636,0.009867844320301728,-0.01602968870973979,-0.020247119207765323,-0.01819607939990356,-0.005495109005756292,-0.009347362870368763,-0.01828874636628723,-0.007073278892631466,9.062645952862431e-05,-0.007027101006655498,-0.014135020319737542,-0.018685793480127343
2024-05-30,0.00524138624521319,-0.005513957110601701,0.006672063689756486,0.008706588883027864,0.0072423454333587715,0.0027014828248878766,0.0018949634848045166,0.0033167398770417153,-0.010771203697808035,0.00027160841904729736,-0.006655763727073616,-0.013675438975928015,0.016776562955392545
2024-05-31,0.005006076878554002,-0.007532299667805572,0.005716286692972134,0.013281977833123989,0.00511403676516159,0.0019962655250202774,-0.005881436093592545,-0.004424743266561156,-0.001861953077751083,0.00036202984171445864,0.009066846878916344,-0.009444687322324561,0.001909230524734881
2024-06-03,0.009216009971189093,0.004367717449171535,0.004549582034291276,0.006215306405134812,0.0030181834228071454,0.0046746221283021335,0.008878251926791354,-0.0292484991751777,0.005354859944902487,0.00019972526025139605,0.0008150465314614736,-0.04078298326298724,0.025368225448006963
2024-06-04,0.0016480258870186363,-0.0023799472676421644,-0.003637934782838693,0.001152141422331388,-0.007372910342217906,-0.0015922787308531442,-0.00901759641821021,-0.007256004533460516,0.002732821404551965,0.00018174190992987878,0.0011171494054715702,-0.010355613150529097,-0.002738343549573481
2024-06-05,0.007790539413909523,0.0015872344550669493,0.0099728294892999,-0.0028829031084539533,0.016373634310779022,-0.000897063068425542,0.011775993219294973,0.009536524951896806,0.01995935558013447,9.082165247609757e-05,0.011815100104059055,0.011190536078020008,0.031844719890722184
2024-06-06,-0.007121882925438318,0.012216987700409635,0.003826655968663703,-0.0005775111113819957,0.004655912745509121,0.0014945034663021116,0.0073641743967564136,0.007940994906325872,-0.00034529291075579383,0.00027263692228682946,-1.87197994266453e-05,0.018877622004538838,-0.013908470537624996
2024-06-07,0.012315924425231174,-0.006286902271620111,-0.015623519849870166,-0.007392852062676086,-0.014221730057378638,-0.007694179804383829,-0.036335512840658196,-0.034876081222864244,-0.0008852247291639521,0.00027248881650734485,-0.0012164915194570985,-0.0032814562555495684,-0.015526208400113118
2024-06-10,-0.019333601665260755,-0.01910131479876108,0.00273475958062266,0.008836175201622685,-0.00642845410755634,-0.0033159610374229494,0.009126408480625946,-0.0015612655664965552,0.004031081863489333,0.0001813720304657246,0.003085114196566794,0.0328693721488532,0.0065439984070695175
2024-06-11,0.07013147578847172,0.015151834407294435,-0.011373750300871795,-0.011264641142842933,-0.012597977383848036,-0.0020147335330587828,0.0028525382508942246,-0.006355818166739733,0.006839206953039343,9.096878105993449e-05,0.0024053841823281933,0.0006624237024835077,0.005096166792048737
2024-06-12,0.028177668844294335,0.018816684779470197,0.011396863209817792,0.004837000141747483,0.018083647320489935,0.0060326877981363965,0.002658183908153708,-0.015453746993835206,0.013012722639714364,0.00036283366628482057,0.008179462845992174,0.0062050658352542825,0.014601912065028082
2024-06-13,0.005476142444391777,0.0038760015827684294,-0.004868513445234554,-0.018297630295251496,-0.02270434578432701,-0.005932027255411167,-0.008183543017197694,0.0,0.005405690953754413,9.070628566110921e-05,0.0020114768991622927,-0.0031637976724215554,0.0
2024-06-14,-0.008202003571231041,-0.009327690156910734,-0.007230201115336901,-0.00029795532019193186,-0.026595291659644853,-0.0031307070536045617,0.012876289526632455,-0.00451842542317838,0.005167800454352499,0.00045355547122370433,0.0006081296626329789,0.004479048035762472,-0.02231054160006356
2024-06-17,0.01948049861262748,-0.014552888430075695,0.004437593604972867,-0.007776287880372481,0.015144287249970894,0.0025254927435983624,-0.005205175700450875,0.0,0.012175416431487045,9.073063484832104e-05,0.007927553907787011,0.02222745768327376,-0.012723625623381684
2024-06-18,-0.011045260627888482,0.0019791156627093484,0.008354718200910851,0.000750474884644633,0.003118415743249129,0.0007061000571401713,0.0039992641040523845,0.007383140560248551,0.0003091791141597551,0.0002719214784168681,0.002537415567368279,0.011248965078119082,-0.009873202441878474
2024-06-20,-0.02174762045726792,-0.01875933470572979,-0.0011562322317679753,-0.002703973519810425,0.0023323106253408405,-0.003029434951912938,0.012407060942233438,0.007328946626922417,-0.007737783376138032,0.0001810189115186234,-0.0027201481772269505,0.009362485957576596,0.002116048546254335
2024-06-21,-0.0104993681003558,-0.009309909398241039,-0.003941201136469843,-0.007094868890337954,-0.008578661894127853,-0.0011129650303527165,-0.015614512577113812,0.004856456767760992,-0.002683006444321524,0.00045310350153937015,-0.0013416294135709175,-0.009616702118432007,0.027323743289445694
2024-06-24,0.003127782422412191,-0.013510967521745852,0.0034783520198155508,0.007546078338408181,0.009237880617591995,0.00424327555249233,0.0039497558204108826,0.007240584384678997,-0.011449869712018381,9.086113016442054e-05,-0.0032558394416294318,0.013261898600443552,0.015860186879792584
2024-06-25,0.0044582441309745716,-0.012443219413053654,-0.0009264333042650558,0.015663688117232746,0.0007924293948605347,-0.0018164546282131717,-0.004974590412272679,-0.004016109148986529,0.011370716722033743,0.00018088773521162126,0.0038433436850543144,-0.010088300314374856,-0.007065640114138505
2024-06-26,0.01979602849905391,-0.0020889238187367597,-0.00907713296726966,-0.0037072840149016658,-0.008152030607104782,-0.0034396976743825197,-0.009271011435783051,-0.005245229316068999,0.0020629161627103874,0.0,0.0012474720420821283,-0.001902969485489011,-0.009607633171800628
2024-06-27,0.0039780231203065215,-0.011356586508779173,0.005363161949907839,0.005038571969570188,0.0001995712159215681,0.0021258417804561796,0.011273144249924162,0.0036342094467999306,0.0025780500320005365,0.00027174863271661243,0.001575102966391617,0.014747833723460755,0.00724122721569536
2024-06-28,-0.016387798510684972,0.006745352712036998,0.0,0.008683470968698166,-0.00139814897423919,0.0008088519227445105,9.297215668029186e-05,-0.0020173288815526153,-0.005204447318850526,0.0004526522652104731,-0.00394293137277552,-0.004137700623625835,-0.0016166490777147987
2024-07-01,0.0286890902635461,-0.0075916564724941805,-0.003961312890304125,-0.006616107758607745,0.011131146345086499,0.0029211678901068495,0.0026012036358740546,-0.004858258389427437,0.005848018307230891,0.0001454938968686398,0.002055964221219133,0.024205297813483594,0.0035532828487068514
2024-07-02,0.016109557930324474,0.014709175119768768,0.004426314304613736,0.015660632364167194,-0.004556675748602044,0.0006054606211213095,-4.643502198142268e-05,-0.00040600478491821003,0.010444889835753004,0.00018165376460092618,0.006707273233521912,-0.005287443011822337,-0.018221869141292323
2024-07-03,0.005794218684146625,0.002500019087296172,0.015225261287732952,0.009107460011522446,0.0169328378049926,0.004830455135500641,0.01120993363706169,0.021687616190439508,0.008302520646206719,0.00027227175580367635,0.004452607637391588,0.0019706378519356925,-0.005377797597697813
2024-07-05,0.02138994661795963,0.006636239797406025,0.002286636890979226,0.006740870992995974,0.006810015629633309,0.004407713133914715,0.013396660734694752,0.008702576362289301,0.010372839802976937,0.0003633301767817017,0.005749847142849864,0.0004920767346672877,0.00920143987944148
2024-07-08,0.006517553288603674,-0.007468885231148992,-0.00802657513194472,-0.004871797949849085,-0.005834323201075675,-0.0015004036969592533,-0.012479622087256387,0.004715167152212233,0.00237545927257247,0.00027239266036767096,0.0011533334414516672,-0.011006101493362288,0.01643830878182969
2024-07-09,0.0037678202863172076,0.014472053280367226,0.003906692854576534,0.005443413072773179,-0.012758942415192978,-0.0007009854832949515,0.00169431118809057,0.01324016737992411,0.0008641065145488996,0.0,0.0009721925390027689,-0.008115426860099868,0.01215361329460854
2024-07-10,0.018628985525917397,-0.012391820704625528,0.01412009135012106,0.018120393829569766,0.014318088156200889,0.0014013245608808847,0.003653653384415314,0.010773365701213272,0.010372666344100423,9.087901948013825e-05,0.009846387618075644,0.008861296222450103,0.01169358470619594
2024-07-11,-0.023494666585284863,0.01771420539843043,0.006761342154664733,-0.0037949234649210044,0.002528429007784424,0.0030961394380336145,0.017578001160184497,0.0038196746171164447,-0.022174249505891346,0.00027214685138528635,-0.008659867456084124,0.0056994215480502914,0.02564228487427808
2024-07-12,0.012966375910238125,-0.004501779098212128,0.013830221261619664,0.005477078162200042,0.016185387278831218,0.003881563912502631,-0.0006272936376368344,0.010618270082248941,0.0058576302030230315,0.0005441450157710067,0.0062877678456718855,-0.00856140760075485,0.010156598562838182
2024-07-15,0.016604779920599652,-0.0057589223373568825,-0.006668253086908309,-0.004773308589527172,-0.012888556135063886,-9.913554201297989e-05,0.0032219172131206842,-0.005674251344444184,0.002684260893182279,0.00018151160166216142,0.002746377569307639,-0.0016212169316542201,0.009453948180366947
2024-07-16,0.0017901116753834753,-0.014125720563260958,0.0015599105783906002,0.011751715382865595,-0.0005810089628574932,0.0001984926675511814,0.01972987782004887,0.004919542198296461,0.0003828871770411541,9.063337137943272e-05,0.005912430198747154,-0.013318518090355181,0.01933147716346721
2024-07-17,-0.025621369155210613,0.0,-0.007150853785453132,-0.005858540299257702,-0.013457078810382864,0.0033712825099450326,-0.0046540195707980275,-0.011389602849859532,-0.02979438124009231,9.069853508274271e-05,-0.014120330883313329,0.01953976476914971,-0.020333035473007598
2024-07-18,-0.02074859804728813,0.002089879833529606,-0.01104981049279845,-0.015224385029823867,-0.007686986179946031,-0.003868089710326875,-0.006401633154546632,-0.0263071657844954,-0.004743736832966026,0.00018129903116316802,-0.007714488017157523,-0.008970919887678825,-0.02290559810621027
2024-07-19,0.0005797775366363526,-0.013028140821736211,-0.005229126967195747,-0.006269645114029619,-0.009542707742215557,-0.0012925922788959612,-0.018100662230646155,0.0011753857579744524,-0.008903224621189544,0.0005435533124656704,-0.006662715261773732,-0.02406704517999509,-0.00030763062743838004
2024-07-22,-0.0015615001549422313,0.026300848896700823,0.003640542264647764,0.004848178557005179,0.019583128808197736,0.0006963910963391329,0.0003156824791686295,0.003517573606296006,0.014787965644312744,9.069791686582807e-05,0.01025712327734809,-0.004883665363853609,0.014053192525874468
2024-07-23,0.0046772728731126435,0.0,-0.0054657502878207856,-0.0008539397854454637,-0.006682451984725646,-0.0028879126551022197,0.003510507096461622,-0.011773953349440723,-0.0035309322222834656,0.00018115124635384195,-0.0015698100634459619,-0.012966986206433018,0.008759284889334291
2024-07-24,-0.029175821298000892,-0.007444173875073325,-0.016346620599641218,-0.019842569776078033,-0.015300787928743382,-0.001297029054226778,-0.0035105070964615765,-0.014715090378696533,-0.03652952940128732,9.052666993338693e-05,-0.022923373293683335,0.0024766331062798185,-0.0072435896664585836
2024-07-25,-0.004816150980045148,-0.006663962094682799,-0.004186965712161734,-0.01580825005857656,-0.004213889101546676,0.0013966951342212716,-0.015768400613655725,-0.007641138651599314,-0.011088860168517668,9.051847559724331e-05,-0.005224053399783862,0.008426854041664747,0.019398608115823446
2024-07-26,0.0021587488675080713,-0.001254451938738058,0.011587630721677662,0.013336461593891867,0.014374329225768073,0.00029917089469981946,0.010479424389843233,0.005234505145477506,0.010203732500078494,0.0005431586091792086,0.01113758051358413,-0.0175819919686148,0.005530415073458957
2024-07-29,0.0012839353913246666,-0.0113613653482053,-0.004156121276514352,0.002326578169291853,-0.013168525407189163,-0.002895042632081028,-0.0014060442276131696,-0.006446451086582136,0.0020067466229655552,0.00018084085332783294,0.0005876935326414388,-0.012161394438873405,-0.01258628428993132
2024-07-30,0.00256258480924132,0.008428176536549028,0.0034645109047373025,0.0013063607968686075,0.0028077961344619247,-0.00130027285823284,0.009935936183544776,-0.006081529742478078,-0.01382653199471676,9.051801135177056e-05,-0.005079321260804702,-0.009756219710749902,-0.01284781824960245
2024-07-31,0.014879609729844572,-0.0037838454637253586,0.010550676878696565,0.029020783440170915,0.007581914019750871,0.001200503000425462,0.017948680176279857,0.008503790711609066,0.02916425960762144,9.058304327507586e-05,0.016123786163540505,0.04310784179589794,0.0007070088567306323
2024-08-01,-0.016892651814249385,-0.020426218074091552,-0.018188654518916374,-0.04938922211957654,-0.027813130020218478,-0.0029992913461241327,-0.003448883709883457,-0.02119063149873186,-0.024519681011253413,0.000254277015053925,-0.014262061185127687,-0.018828017842150952,-0.0039447670207068165
2024-08-02,0.006845915160100197,0.0012889459311179457,-0.013096534928716309,-0.04388003180814109,-0.009858335322929557,0.011586279564283299,-0.0019064443892985788,-0.018288101385582376,-0.024021156982955958,0.0009080749334291495,-0.018793921947173414,-0.038754201862336544,-0.022548877449994325
2024-08-05,-0.04936567655241121,0.010677008737976642,-0.028170847625699134,-0.019051091273404888,-0.015181804689122436,0.004261017801341615,-0.01277316576262444,-0.018628883215974314,-0.03026967048552691,0.0,-0.02955626962300191,-0.0023190538766148655,-0.032019606620475406
2024-08-06,-0.009795957258323976,0.007617358661174284,0.009158860431979443,-0.00489930415718318,0.00041900183342303453,-0.002574305081739396,-0.008032891286850252,0.022396903507837542,0.009509668462299154,0.0,0.009177305991731135,-0.010571997719377635,0.010752251277333187
2024-08-07,0.012420646556039475,0.014647699850539767,0.0007194528207959283,0.01649810149501149,0.005014620794277958,-0.0002976158471659339,-0.0006798590470787476,0.013696027042998297,-0.01088869921750391,0.00018151607659182528,-0.006706508546842464,0.03044962041173569,-0.02227074583039338
2024-08-08,0.016496438905849727,-0.012121281068733763,0.022520809425706494,0.020972192963682957,0.016126017316560017,-0.0006943457016878223,0.01556622880577821,0.020804370521426124,0.0301323364098361,9.074568425866215e-05,0.022854217682008363,0.008930391311087377,0.028182933041809178
2024-08-09,0.013642532045750016,0.01792084171984729,0.0046773948228963315,-0.002444416547440821,0.0018440180331516292,0.00019845566177225814,0.002452251987911254,0.019588830615718197,0.005208842927412806,0.0003629004116534751,0.004400081693962858,0.011347273093983994,0.005668112408136851
2024-08-12,0.007104617900367355,-0.009545606987886488,-0.0018683519278480012,0.005491929906036976,-0.003691603797960967,0.0013880879552504452,0.01699935451192235,0.004345291442367687,0.0021512111758778233,0.0002720889089033078,0.0005252516379993798,0.031129359611728098,0.0028220537411076077
2024-08-13,0.017046908290554323,-0.009637604477822694,0.017149926372039145,0.028200434447602583,0.016101519259421358,0.006123961961933055,-0.0015335341694870399,0.013312587943601396,0.02450993777474239,0.00027201489666631975,0.016311858042216153,-0.012670520633458079,0.011828266125841038
2024-08-14,0.002031638578164956,0.0004209670042678251,-0.0062234162607296035,0.0014779808179344008,0.007051571932102592,0.001771141331084997,-0.008189191333501105,0.005043683789128041,0.00032428506568270505,0.0,0.003149614654907613,-0.013616278332464034,-0.008910153081835922
2024-08-15,0.013439810829060796,-0.0008421112963892476,0.009893182868819357,0.01901757299451699,0.01573573118113892,-0.00393979833638642,0.0031339290416113642,0.014980036922904564,0.024949271736054785,9.080128561278779e-05,0.016995173565956687,0.010649546417540887,0.01671864542220812
2024-08-16,0.0059010938210139075,0.004622777695663486,0.00956940259324709,0.00520306158526434,0.007874109280342542,0.004922175119612512,0.0221408117352879,0.0030453468438147854,0.00128487153494292,0.0004529336182798572,0.0022393250178059493,-0.01418099538318681,0.0006139078912355928
2024-08-19,-0.0007080533775677395,0.017868793872108397,0.015748307788625286,0.014170467491068059,0.013051678700225947,0.005582057276093816,-0.0016393656726291592,0.014714546375311088,0.01305052661474333,9.067892235257096e-05,0.009516145672642091,-0.025747971570824927,0.03101644925771763
2024-08-20,0.002740944064942848,0.007386135251756651,-0.007168474830900931,-0.004844034309387086,-0.00019350662084759198,0.0033146456994711843,0.003663270802502215,-0.012057521806376825,-0.0021008940757892497,0.00027184146700180137,-0.0016274215360631377,-0.0074218736985404345,-0.00019819366750569914
2024-08-21,-0.00048577378012022466,0.00040875011448211166,0.00850693360768136,0.011501720553486505,0.009823808165229287,0.002624744030506801,-0.0013345079227065216,-0.001897076855487781,0.004653306002552505,0.00018099200159640198,0.0034306141027779756,-0.01680027705889688,0.009770560805655146
2024-08-22,-0.008294054497219693,0.0004085831060883054,-0.00760798104025594,-0.0073686821213554176,-0.009243248963871757,-0.004085682430404183,-0.012047289256477975,-0.02110998854078053,-0.01598191141312463,0.00018110517108409457,-0.007879425786624957,0.013408373748716321,-0.016637363853931757
2024-08-23,0.010235600072875741,0.008136718785016015,0.023091628908328932,0.02277938226234734,0.01631053415856099,0.007961125410151045,0.011487194343258993,0.019589669744154183,0.010787152908967782,0.0004524736280445113,0.010569258768527347,0.026421454550779395,0.013588111004834622
2024-08-26,0.00149769531870647,0.011681908894868006,-0.0010981712925985025,-0.012591122334904909,-0.0047697236875084426,-0.002905192084505327,0.0031842629268953445,0.0053110341915808944,-0.00975582664896481,9.064517383200025e-05,-0.0023866885272709032,0.029732255385001766,0.0018699415216770609
2024-08-27,0.0037346223007954558,0.002000415047141826,0.0,0.009806872768994638,0.002864473692835986,0.002518525428516692,0.00270301522962425,-0.007596009952216068,0.002982892609026946,0.00018082825368231938,0.0013721176754196514,-0.01736699909208973,-0.006213927891483029
2024-08-28,-0.006776363574988951,-0.003603553648808976,-0.002860605057995925,-0.004331222370089064,-0.003629766148254769,-0.006502633610375065,-0.007051666972008083,-0.0072699007921460885,-0.011412312534128295,0.00018094135041815465,-0.005822071263092202,-0.013292220430715884,-0.005257678746888536
2024-08-29,0.014465022810559253,-0.0024096568192954033,0.00899433472810728,0.0016788600024702216,0.0026758529835492306,-0.0034140932251322535,0.005164620716356872,-0.009259385664697917,-0.001464888127518869,9.045839927524449e-05,8.934434409351605e-05,0.01694613013782599,0.003673425816821256
2024-08-30,-0.0034438653239036916,0.0004019331153133079,-0.0041580801577785825,0.005992576222612358,0.002668711898603321,-0.0015645149443782708,-0.0071515197828322195,0.005026133867219118,0.01184888322074321,0.0003618246539566811,0.009501043719715337,-0.03216477950517484,0.0034623274812844614
2024-09-03,-0.027582064113750755,-0.00807104658921879,-0.013689747328222942,-0.01511994500368612,-0.018056617742665385,-0.0008334358977781313,-0.00433295027353233,-0.01868481966404472,-0.03083127408314382,0.00031770015950807073,-0.020793817756125772,-0.044702487179793374,-0.026011797378559718
2024-09-04,-0.008656115503649385,-0.015105438008674255,0.0013330180377935648,-0.010350981969842873,-0.00446807713442585,0.00342825325246164,0.0006077417877377091,0.003530150313390161,-0.00260194376788241,0.00027237974857476755,-0.0020488339575751415,-0.021038384478949908,-0.00142010194086043
2024-09-05,0.006903827876529419,0.007377135457770795,0.004209670519949667,0.0059684353218697325,-0.004879653037743633,0.0021488609563887527,0.008297784905920138,0.005466570960426304,0.0009331800224328179,0.00018137541078987494,-0.0024352910831302475,0.0040143248072719824,-0.00447596287094777
2024-09-06,-0.007039670549660659,-0.011086130395749759,-0.015148564155731967,-0.03591654078574336,-0.018762189610848065,-0.0012691373772737726,-0.007430165851405754,-0.01609454877892818,-0.027152674724127367,0.00045376767699241514,-0.01697337801131114,-0.013831067431116914,-0.016033342489673807
2024-09-09,0.00040740321107285177,0.017598125684911915,0.01647421900960196,0.018047406360173452,0.008140622490700716,-0.004307976831576455,0.004197056104325384,0.004343495577471991,0.012777774912500497,0.0,0.01113389946873222,0.004920362248043913,0.0140943172268141
2024-09-10,-0.0036278607752772193,-0.006511995289162102,-0.004869438118295579,-0.002744305576921796,-0.006945071272532641,-0.0010799762629969732,0.004394427867847918,-0.014285888701393436,0.009199311182730298,0.00036256041388100005,0.004346388165001128,-0.0339164510644635,0.002142853205231955
2024-09-11,0.0115184845086438,0.021410626492913375,0.0061933379376871425,0.006056332465950565,0.010695119758093178,-0.0005893625255603089,-0.0015918222264343484,0.013103168770257067,0.021483022316224346,-9.057321612147343e-05,0.010206636535155954,0.013203951283404443,0.008121783694960766
2024-09-12,0.0004939312323412623,-0.0028016233053095372,0.01510040573500775,0.009870545435814905,0.007067260742187425,0.004510805587387736,0.01741476344611925,0.010594615241486024,0.009768172121902743,0.00018128370884536483,0.008387930975406384,0.029623204964132104,0.0016165789205875257
2024-09-13,-0.001212837533037725,0.009573256826630759,-0.0015215951346155378,-0.005423877642102513,0.004683910930142999,0.0006844624644996094,0.009894570827460453,0.010483388108436844,0.004469856851239819,0.0005436540272052931,0.005209170754818401,-0.0007157096603621106,0.02147181908358094
2024-09-16,-0.02816831936166255,0.0059370481695628615,0.012108252589841733,0.009543523240222706,0.005630432827811272,0.005460328876112722,-8.375168155570817e-05,0.007312023650160693,-0.004427654312419761,0.00036248990911247884,0.0014759403837223597,0.01478140845143414,0.0006913554494842086
2024-09-17,0.002170312072849845,0.005117072540725819,-0.0036602371814571607,-0.011836097590495887,-0.0005810089628574932,-0.001946863511879134,-0.005546263478781612,0.0011497114839920089,0.0005280953186767523,9.040211506405019e-05,0.00040848439485626804,0.011781398210254278,-0.0032635695990044914
2024-09-18,0.017829929023574338,0.006652390607864436,-0.0010790395516035547,-0.0046009768963634805,-0.002521562907196972,-0.0006822119133565732,-0.007740344731775493,-0.0026846151637762304,-0.004338884333819197,0.00036225316632036253,-0.002970293866462126,-0.014889971999142874,-0.001387789575850819
2024-09-19,0.03639520017921788,-0.0003901719168007188,0.02537171911790706,0.026171265477594248,0.02360728718067324,0.005251031794109329,0.015421236419487627,0.006125607127852629,0.02496983336845924,0.0001810047570261242,0.016920386339447844,0.029149212293412347,0.015942070914069323
2024-09-20,-0.002931760494940674,-0.006654917369811076,-0.006335810665999985,0.0005613167409898389,-0.012982158098742506,0.0,0.012630557682531525,-0.02512214587495633,-0.0019051151554095851,0.0004525137973387266,-0.0017302208454725893,0.0023340186484007907,-0.008037608128175314
2024-09-23,-0.007609966967707333,0.0190630754395038,0.006967222853851886,0.0060152108477903995,-0.0002888501273192304,-0.0042764996247221,0.00193852671610104,-0.00039138240102950205,0.0026471667924832854,0.00018096271560536848,0.0024959104401366117,-0.009230597707461144,-0.023957124140475815
2024-09-24,0.003966072336811633,0.007295074350544801,0.011921038608354976,-0.008684605671346468,0.014715971627275273,0.005923763378934368,0.013872405171650835,0.024749885989674217,0.0048119829310006345,9.043279136908432e-05,0.0028572046691960396,0.014291859437062458,-0.004851039195004217
2024-09-25,-0.004407734646500509,0.006862371655590548,-0.014870934172960147,-0.001830646658501909,-0.00933958530698351,-0.004561057051980677,-0.0013827232563758825,-0.00843893639873111,0.0009267332673437553,0.00018091361424283638,-0.002208053778664959,-0.02500644917512111,-0.009773017835760211
2024-09-26,0.005067411203587721,0.004548941049224645,0.02397698997272871,0.028347109417261745,0.029993731170423338,0.004464251891920357,0.005073989582052931,0.009584103727445193,0.007484977335212245,9.026314615570555e-05,0.003956895564336113,-0.03516628466659736,0.004491155849851287
2024-09-27,0.001185823786766039,0.004151687482058501,0.004316975525680618,-0.02651646275875986,0.0,-0.001162768554494383,-0.00796748708764577,-0.003439599331783563,-0.005572496253853336,0.00036169642544816693,-0.0014511920218825943,0.01809346484428869,0.002441267439471244
2024-09-30,0.02261438941519567,-0.017477622916304898,0.0018444657901311792,0.006450719023484491,-0.010649254585086749,-0.0027180450667239936,-0.008031540905021974,-0.008072381566990233,0.002708157752495713,0.0,0.003999126705561181,-0.004993212272747592,0.0037520118416835323
2024-10-01,-0.029574608688085414,-0.022481573975030405,-0.0008193245361057192,0.0013967365819822957,-0.015712727330140803,-0.0062220882993548115,0.01043659814331518,0.0,-0.014030376489560216,0.0002179267573838747,-0.00899890168157346,0.03084103423341522,-0.008436296942863257
2024-10-02,0.0025166493850295145,0.0007837824730120512,0.007553300040537977,-0.005739377522900449,-0.0022921383476350566,-0.0008821899903594649,0.000203566476664949,0.006923188384140612,0.001411954639589657,0.0,0.0004221018038386247,0.00897364361703627,0.0012240807560719047
2024-10-03,-0.004906775198435386,0.000783013232258632,-0.012689466202814163,-0.00393872474106812,-0.010573939784953978,-0.002356419813271651,-0.0006922454344502302,-0.011953132846994693,-0.0007472345648629624,0.0,-0.0018299245348289042,0.04000804444351105,-0.014892735537641736
2024-10-04,0.004994801160805833,-0.006281965982148515,0.0006178423860671646,0.013022614473190978,0.007317448456921014,-0.004334577702757335,-0.00199802503899798,0.010418740036187972,0.011827814506799036,0.0003628641336950539,0.009046240307030426,0.008153584225935795,0.008962245566002626
2024-10-07,-0.02278850984380688,-0.007908204840250415,-0.0006178423860671002,-0.011754895311886204,-0.004229980020644903,-0.000592460872840081,-0.0033935140367649104,-0.006161066815191532,-0.010769381014216005,-9.075806038570374e-05,-0.00908149120201524,0.03664824860875891,-0.012175125596919321
2024-10-08,0.01823674068647774,0.0059370481695628615,-0.015359231896010761,0.003092022671162685,0.00019274956407404882,0.0006912210739626107,-0.007399232494344503,-0.008923341710289388,0.014824165163210501,0.00027239442184614723,0.00941319024418033,-0.04400989038435532,0.007961479771350772
2024-10-09,0.016560457710608285,0.009035600897705092,-0.0037721193365499346,-0.005205744931554878,0.0040372304565709765,-0.0035600723059508394,-0.0054610705017173605,-0.01294383921061213,0.007837614694865045,9.044347310839105e-05,0.006902385915720849,-0.007150466274743375,-0.008169181167068712
2024-10-10,-0.00218060441423025,0.007403164619149084,0.0023068974190657175,0.00014103186649417997,-0.002497247291850032,-0.0002972136832481785,0.007316064767089658,0.00943030611972081,-0.001136228713604231,9.058021561820636e-05,-0.0017513192800557896,0.03293980591297468,-0.0009348335329299602
2024-10-11,-0.0065265887884141775,0.007733892273156949,0.007512447396296452,0.002113424493980618,0.0063272659478879395,0.00019802470612352167,0.01085428686886074,-0.0003912351921839164,0.0015618885760054961,0.0004534298999116149,0.005970281873484082,-0.0036068413339225163,0.02524508785075581
2024-10-14,0.016345599701800568,-0.005794842963634954,-0.0010400679489454003,0.001687485646479377,0.005907589730127858,-0.0024800116380673297,-0.0016308312397319176,0.007794269751599293,0.008356531365414706,9.053095469548754e-05,0.008145143449928786,-0.0203370009637221,0.003944403113538114
2024-10-15,0.010964344551760754,0.006949808079065881,-0.013198072514974178,-0.020727502748029543,-0.026375606609224066,-0.001789452112835267,0.0034623584364339233,-0.014861443177021236,-0.013456944349256416,9.074000435018757e-05,-0.007800065932482159,-0.04264548423443695,0.002419608565059662
2024-10-16,-0.00889141569463003,-0.010054217758061968,0.005468030031807817,0.006006848026611758,-0.0052811243889902175,-0.002390851125794208,0.0049891427128232555,0.0,0.0001221965770665366,0.00018116570404653,0.004336871111671587,-0.004960062542532065,0.009420695450287127
2024-10-17,0.0015951602180625185,-0.002334570842978282,-0.0027303193032538354,-0.0052898467837358965,0.0013717500588157744,-0.002796814838924428,0.005970452161761758,-0.0035522842115932687,0.0006923943737952205,0.0,8.593058532611421e-05,0.0030340833401324117,-0.009521386065007739
2024-10-18,0.012201844821796181,-0.010573818331299755,0.007959875600404821,0.005289846783735914,0.013423118416787826,0.0033951599795929753,0.010562207979593495,-0.0007912113658787806,0.00653328306302842,0.00045291545822863773,0.0038391754377293907,-0.01722272422377844,0.005323062925669994
2024-10-21,0.006278093353117852,-0.0015760556743472038,-0.013442728835857376,-0.01667903980512093,-0.012835702611098123,-0.004395711204945232,-0.0001990210805239133,-0.002773978482326203,0.0019194368950678675,9.06018984322657e-05,-0.0016435564245437452,0.012253075698905812,-0.016971647978129244
2024-10-22,-0.0026252991083804147,-0.003951040849331974,-0.001693181587948191,-0.013282071992916986,-0.0037257567368607367,-0.0020043432713821216,0.010729555523637746,-0.0003968193529570652,0.0010893451231728118,0.0,-0.0005311901202628846,0.02352407649793247,0.001221681731862359
2024-10-23,-0.02186019526407857,-0.0023780606513440434,-0.009791421898332127,-0.020634535083270088,-0.006306694290372798,-0.000601955384717174,-0.012123752431615111,0.0007935619091302637,-0.015442503807628778,0.0,-0.009179480770973825,-0.005829343240804152,-0.016415657843579512
2024-10-24,-0.0008236286684828721,-0.015597228250518177,0.0038428185963536986,0.008215759471441564,0.007877057528988554,0.0038070254510046064,0.007663817134299539,0.0027728796694437468,0.00807615277206389,0.00018117917447044109,0.002160331451707448,-0.006684500589053859,0.005981868238554016
2024-10-25,0.003636581065536895,0.001208467962867484,-0.004484768966234049,0.00029744027304952103,-0.003930811305710782,-0.0028038643983736783,0.0020548662166116312,-0.003566441578574098,0.0060751496329435216,0.00036204293154003947,-0.00034539930710968624,0.015887438402182662,-0.0010287122318549749
2024-10-28,0.008562573759134695,0.008019266695853287,0.005762518274766591,0.006817859983855984,0.010188177041690172,0.001803436211467118,3.945329776617785e-05,0.007908222743598274,0.0001614758962331596,0.0002712473718526938,0.0030866516913548433,-0.05254911326250707,0.013698757238476663
2024-10-29,0.0011562296562395737,0.011514921099618311,-0.007690675597898506,0.009701786452417076,-0.0039062436235618005,0.00020002656004973875,0.010835937036952448,-0.0146798180322365,0.009562443561882754,0.0,0.0016169623098074462,-0.010992995581308026,0.0007104144338903517
2024-10-30,-0.015395855437022713,0.007864823114677698,-0.006670308934759512,0.0008771857248142147,-0.009635268351194038,0.004194575244318348,0.005490789207931537,-0.004807732685539802,-0.00758621433749054,0.0002715352362930806,-0.0030296785319585736,0.024111179315838997,-0.001421333915263058
2024-10-31,-0.018377368634219182,-0.0011758652701656682,-0.006715187094572469,-0.005128486375866667,-0.007138710565858254,0.0016928532644224878,-0.01561647178727062,-0.012121315746434845,-0.025566818034628083,0.000180982537630729,-0.019797960014619777,0.023817259740401706,-0.0142239269501656
2024-11-01,-0.01336853958893866,-0.007083827399034808,0.0034715085135084115,-0.0013229534550161254,0.0035757254179707666,-0.003694015850002969,-0.004110813705942248,-0.016807108515773665,0.007371703202357259,0.0004268127022893428,0.004211791940887803,-0.014610944955690543,0.02282320788014635
2024-11-04,-0.004045793402580871,0.0007895832486230664,0.0025957669001466016,0.000882086872454388,-0.0017862256209894534,0.003793619280870156,0.0014248987496042703,0.016400443433148375,-0.0029174410672197022,0.00018152262280030082,-0.002156367936960472,0.03103255387781252,-0.00050368057426608
2024-11-05,0.006465271017506431,0.0,0.01479610761824096,0.01502467305552636,0.00909635367757599,0.004771400300902021,0.0022519104403696992,0.00608152974247818,0.012676190115818806,0.0,0.012019354352281757,0.005905297375616848,0.014011373906994855
2024-11-06,-0.0032722612737136688,-0.007526332209130092,-0.010054787710182533,0.004478256292225748,-0.02835081819716396,-0.017708460309008807,-0.030857976694085517,0.009253722623478775,0.026800867444862757,0.0,0.024561337867091953,-0.0025457565295519888,0.017926224739665052
2024-11-07,0.021146976536520257,0.022022126758496016,0.02923945396548536,0.008610971113209662,0.018061846476945094,0.006138462350730911,0.01594864539186116,0.00956561834641143,0.01562157033831353,0.0002724026850674797,0.0077024438431949685,0.0016086162034484183,0.005548894397080644
2024-11-08,-0.0011889263938535733,-0.009378722008639994,-0.017483286869300924,-0.007890560705869505,-0.018467060564586402,-0.008058015881383034,-0.006792442588197375,-0.01922362218275732,0.0011677826276823107,0.0005443663577716921,0.004322340448045738,-0.020705880811592785,0.011293948729304679
2024-11-11,-0.01210156548730852,-0.003539852134806826,-0.0008503278565677431,0.002445587925983997,-0.0036533004835051655,-0.005679668777135266,-0.02375140115119195,-0.0020238613541142788,-0.0005835715699793186,-9.093570245871478e-05,0.0009524511677883233,-0.03040415796476914,-0.006258760437903091
2024-11-12,0.0,0.008240246943135639,-0.014999247466758016,-0.015930961337201,-0.02095820661404639,-0.002953898580790117,-0.008668821068980244,-0.00772832992225511,-0.0018117416227836332,9.093570245874834e-05,-0.003111234316899412,-0.0035303290409017998,-0.029604178882405862
2024-11-13,0.003961321745307248,0.003121366955347272,-0.00021586682924381497,-0.011156894006735456,-0.0052045347590899725,-0.005523659595074338,-0.010132384997697268,-0.006965824340485103,-0.0012874970887776609,0.0001810528977793277,0.0004856956319445678,0.0005657037894787222,-0.004986890691970329
2024-11-14,0.013676423485516702,0.008533782659568005,-0.00043204485167347466,0.0011803373917282328,0.008521293841472636,-0.00400853388512545,-0.002612551531378293,-0.004120359750640104,-0.0069740001703198756,9.076667688792014e-05,-0.0064508910698272475,0.007886219462695269,-0.03097168084119411
2024-11-15,-0.0142096206751665,0.004239774429846584,0.00021596010347395926,-0.004877752347828024,-0.002901612842560524,0.0008236761206678043,-0.0017736414154014318,-0.005381865355090188,-0.024114377015191257,0.0001813643713294271,-0.012891393714290593,-0.02183865727035887,-0.05435958508390164
2024-11-18,0.013332968737135882,0.0030721446959006385,0.011168595260822844,0.005762034467366891,0.003315465648021236,0.006564073444931419,0.01884162282592499,0.004968902477403157,0.00692371379081765,0.00018118723998050893,0.004089014956209265,0.03272044400043885,0.0014146945508351676
2024-11-19,0.0011395581586135836,0.0053537037665540455,0.0082951948427243,-0.0014742766658682493,-0.006017287025122059,-0.00010234757592632558,0.00891942849470824,-0.0033098568064666325,0.006856116366141249,0.00018144285339088875,0.0036489183726631257,0.003324533721894514,0.013072036293396656
2024-11-20,0.0031491604265963375,0.005325344818127515,-0.004245412591580998,-0.007404163018479187,-0.004798208379086943,-0.004919496158783737,0.005616245032295766,-0.004152786432269239,-0.0005761366627963296,0.00018112155389519166,0.0003387072579927825,-0.004018586814210477,0.008975451390289083
2024-11-21,-0.0020982932706112285,-0.0018987034953254747,0.005515588449559121,0.002820066902956298,-0.0020932767388038053,-0.005873520191387402,0.008304918886222272,-0.006680624241603652,0.0035906963248368514,0.0,0.00535392832943557,0.01625156766698666,0.003080071419994195
2024-11-22,0.005890113896497493,0.007572979330911021,-0.0006348023098618653,0.007089028760709089,-0.00041923089459959653,-0.006012143977059219,0.012809813332372074,0.012075891136807081,0.0016027022608774335,0.0003625050718503625,0.0030946284648994647,0.014242398406224533,0.020363774961419313
2024-11-25,0.0129665063500262,0.0007541532120840457,-0.00021174633036747325,0.00689300513070378,0.005227306440465696,0.007767568646466099,-0.029901483187305778,0.0016543268275475173,0.0015803932971985312,0.00018095107023633012,0.003386398097854572,-0.029383754555274894,0.014339696013673523
2024-11-26,0.00936040085471349,0.009005678955733558,-0.010856999485961277,-0.005128486375866667,-0.006695918040922454,-0.001342214053346983,0.001936433160954421,-0.00829888468593054,0.005354899936077653,9.064338362820173e-05,0.005207902017380093,-0.006819285585412977,0.012418830004508772
2024-11-27,-0.0005532475812442614,0.004472570689233516,0.011703548126190781,-0.0027951747341549422,0.00460840411745801,0.008128033833951588,0.0022202481870022992,-0.018503449570418797,-0.00790459715982859,0.00018104601056789614,-0.0030348865012924603,0.0015349282152113974,0.011566649150856208
2024-11-29,0.010164030323116146,-0.004846195621995273,0.007167041646021093,0.02631552838912349,0.014934845275103975,0.00020506703729087383,0.008587567442534243,-0.01669193237519934,0.008748544340110097,0.00045250767840331643,0.006193063012737921,-0.0015349282152113462,-0.003807271182297062
2024-12-02,0.009477583263637124,-0.007501964283079635,-0.0031556516008046727,0.012122997260511824,0.002878266967870742,-0.00608197255625018,-0.008792948302693988,-0.006929537841956423,0.010829047329540046,0.00014529485881908775,0.0017907594778547762,-0.00799162597071586,-0.0031166207789668616
2024-12-03,0.01269086754384269,-0.004528267105118166,0.0012634892501797977,0.01421658249459504,0.006752051898476344,0.0008254827651385379,0.0020107532444556663,0.0034707712208068026,0.0030614529826747884,0.0002726048911343041,0.00046371009005398835,0.02776413724990977,-0.01644711082475923
2024-12-04,0.0014825356955808174,0.004151687482058501,-0.005486491237140819,-0.005606190672993441,0.007111582333091388,0.0004124065904526366,0.00302908748607766,0.0025951300223684766,0.01228722625938971,0.0,0.006190333520745398,-0.016009225116614706,0.011197244836143238
2024-12-05,0.0001234927874023387,0.016807164428715222,-0.00021157279779795147,-0.0018288440302158464,0.012674961112186396,0.006576188988034053,-0.0074252082091734815,0.013728173491663194,-0.0027750207849321948,0.00027231473303186585,-0.0016469919824309846,-0.005720225392875778,-0.01488915218123616
2024-12-06,-0.0008232368257449542,0.00921664768441717,-0.012136882122812965,0.0008445651167828657,0.00339282153417787,-0.0015373507954518886,0.0003705001517975754,-0.016323303514031703,0.008909742528189797,0.00045364521535916347,0.0018938019044668598,-0.01735987939826787,0.018425666367945015
2024-12-09,0.01597282311879708,0.004028600350741356,0.018255726926294392,-0.008760911008319291,-0.00039859522224393605,-0.0013343378748980495,0.009870874002918592,0.012908909783309545,-0.007817840091954638,0.00018151553438782762,-0.005162946150536153,0.013153436669722055,-0.009119542096489007
2024-12-10,0.004125233851617447,0.008008764351008155,-0.016329463207719705,-0.005407668544656565,-0.008808824917162941,-0.0022622169409352052,0.013078415980993926,0.0008547788041193308,-0.003413538666543014,0.0,-0.0031139316804534066,0.003226535133112736,-0.008381868819733174
2024-12-11,-0.005179385393836212,-0.003268593519350443,0.0,0.014027794951699328,0.0032122940220430684,-0.0028866499397433246,0.009488652360594872,0.015681617242935576,0.017744386362681143,0.00018148259247799026,0.0077009271266141825,0.02667193635937889,-0.004629922214046364
2024-12-12,0.005946007366583377,-0.0010919096484317966,-0.012262208834286005,-0.009898176694305776,-0.006232973597523996,-0.0029984411518363865,-0.01477229774782158,-0.018676327450950457,-0.006474894416753699,9.044138782364822e-05,-0.0051660305299332295,-0.0016378159227148832,-0.028981445824780572
2024-12-13,0.0006853003110065883,0.006533573344025746,-0.0036865159168817715,-0.0118648610802866,0.006232973597524089,0.0031017248376658405,-0.01216527622337442,-0.006016285139421082,0.007625165280789083,0.0002721375385242656,-0.00019843701016556225,0.013566888492005873,-0.008528867232054798
2024-12-16,0.01165954115162358,0.004332167788655714,-0.0013043291751584517,-0.0051904214673288845,-0.005225171347173654,0.0013410828771649118,0.00241229791280552,-0.01958719333695991,0.01429800782167102,0.0002719197985578321,0.0042608471955477715,-0.00689614185761138,0.014456005699542047
2024-12-17,0.009672582362291305,-0.0018027896683353933,0.002153052431631663,-0.003470738604068611,0.00020148591992173926,-0.0016507273506920618,-0.003846011153453628,0.004291654309727283,-0.004413464752815273,0.0,-0.004128653711328479,-0.005442107261041295,-0.0017956942600139314
2024-12-18,-0.021654508388763045,0.004321247556096243,-0.031534101463311384,-0.025363119450628,-0.025710395786501455,-0.012155480740574928,-0.01937149963953244,-0.046628468954576466,-0.03674378944764658,0.0001546106301048223,-0.030256566028424633,-0.004923431674443056,-0.05052009036593036
2024-12-19,0.006990150800012302,-0.018129560823936963,-0.002291024898900473,0.0031681290519084485,-0.0024834700547607404,0.0004180467474806197,0.0014200879312812307,0.0028598632551289464,-0.004463382477337321,0.00027295297649423906,-0.0003072050461853431,-0.004534557053921821,-0.0013353096288953152
2024-12-20,0.01864101539954275,0.009830770493305892,-0.0002293201851040813,-0.00271499058979135,0.0004142861920831158,0.0062494999244758565,0.01037999743966833,0.012769126430407026,0.008694699493733363,0.0002728066931610574,0.01193952489053526,0.006725684083832307,0.01623540622244873
2024-12-23,0.0030602103424697048,-0.004763225189390133,0.012765231306516422,0.004220113987956672,0.00573959380660132,-0.0023909501683596276,-0.004719916680210798,-0.011342256023430116,0.009695502323616474,9.082330325422392e-05,0.005970410629786574,-0.0005473579311959104,0.0066933698601636974
2024-12-24,0.011412674478233803,0.00529106664440462,0.006546965891840298,-0.0006018006876874675,0.003506284690470179,-0.0015624916062372055,0.001990032656870636,0.006159655332600337,0.013468744521047862,0.0002727792982597342,0.01105366234506432,0.008043175675934577,0.0009789966498774626
2024-12-26,0.0031707079379532798,-0.010610204993866222,0.000899696405531389,0.011521035123128295,0.004314251591847235,0.0032262653612422504,0.0067284927019149185,-0.0018913117380945884,-0.0006795228891545605,0.00018171585460542624,6.67591602110326e-05,-0.007085521901283685,0.007257795491898058
2024-12-27,-0.013330598676385438,-0.015355373326145307,-0.007899815683559587,0.007558510550592101,-0.004108396077604649,0.0005193171324590797,-0.006894214453703814,-0.006171352240385984,-0.013382288208925543,0.00027265536645602553,-0.01058240233434366,0.009797346590190263,-0.014130734297411532
2024-12-30,-0.01335218984731874,0.01611700541130063,-0.004997756980380864,-0.00845136662851772,-0.008268021128715566,-0.002599527353528681,-0.0031947790408758405,-0.0019066369936609443,-0.013389241063904123,0.0002726527678467714,-0.011477180228152799,0.013049236525679303,-0.016111511772460063
2024-12-31,-0.007082863168246858,0.012107589870684644,-0.0022799669452831673,-0.0008938832268587883,-0.0006227425934789211,-0.003964578269275805,0.006214287831739849,-0.002388279686759288,-0.008530984049816483,9.072430743139755e-05,-0.0036447069020247797,0.009709504271429553,0.001889348497763608
2025-01-02,-0.02658623122538993,0.0011276334999160242,-0.0004565823794114632,-0.0013422100280565052,-0.010228654796388965,-0.009011823737969982,0.013496228917030742,0.009993020194451375,-0.001957942893181035,0.0001815673310001085,-0.002460128307191606,0.01810119232514134,0.016190589633807796
2025-01-03,-0.0020115130931483666,-0.004895549849721357,0.009545425610542498,0.004021123245493228,0.005857669226041832,0.0043215818512013894,-0.007895124609843816,-0.011907777965134944,0.01623276771392682,0.00027243256494706805,0.012425929001311382,0.012786714397346214,0.009568629033979119
2025-01-06,0.006716437068960749,-0.0022675544809020558,0.002936254994059653,0.002227015626224061,0.025333459664191316,0.008274471945965391,-0.0012328556129918074,0.017573413143170055,0.01142737075965252,0.0001814132556279624,0.005744077916984511,-0.007988640762339544,-0.0021667567106359565
2025-01-07,-0.011453079657173402,0.002644992829411265,-0.003615051383366771,-0.002375636957865772,0.003046061376301364,-0.0042858941561639465,0.0056176267350635505,0.0112360537546709,-0.018005451703656156,0.00018173863583378309,-0.01136851049607485,0.011191923735452969,0.00713209996296013
2025-01-08,0.0020209907125273634,-0.005297000203410407,0.002712512980099145,-0.002530291885794971,-0.004470627036662097,-0.002517216226588995,0.005301603121984425,-0.007476626860961446,0.00017467983187404302,0.0,0.0014598648787005255,-0.011191923735453007,-0.006048093411014639
2025-01-10,-0.024399119120156753,0.0034084543601337223,-0.024218676172856165,-0.028111350487296058,-0.008385446399660684,-0.007167014677447899,0.009512918374949771,-0.008478603781901304,-0.015805298633426643,0.0002721878521361243,-0.015385061339703975,0.04230080168143669,-0.03158447840392468
2025-01-13,-0.010398019029946633,0.011278286193115886,0.002540630174924647,0.0027553020230480178,-0.003909810601072968,-0.00232995605986468,-0.01000110030367562,0.004248287704297076,-0.0032189736495354198,0.00018115479461661903,0.0015492649761759255,0.01952544305229759,-0.003472197066844312
2025-01-14,-0.0047895538961737205,-0.003370164314929765,0.003913970689022086,-0.0019890738161984322,0.009439784058324185,0.008340869524497198,0.005235693007988435,0.006572812420240754,-0.0009499274416942906,9.088737345355141e-05,0.0013750300536738498,-0.0068335248564909004,-0.028103359809236377
2025-01-15,0.01948486578348478,0.0026222039982769004,0.013239124073093978,0.014898290605369697,0.010160680546726421,-0.0008411850088453395,0.007461090407550896,0.02358486634524949,0.02274560828875682,0.00018139194412413967,0.018026539134353762,0.032169489947602124,0.021574958082331994
2025-01-16,-0.04123895322887482,-0.014697810917217493,0.00045346161769450785,-0.006357855915370095,0.01524908551279071,0.00031542617104340107,0.0068871946090514665,-0.011491777477895605,-0.0070306176697460514,9.050463860360327e-05,-0.001925043283106008,-0.01673872064357665,-0.007481437158509282
2025-01-17,0.007506925054144697,0.00982252802047528,0.0020377730273284747,0.004998940009716614,0.004172877647110676,-0.0018953481305202364,-0.005321403332684962,0.00046227336356026184,0.01673761656646132,0.0004531875947399673,0.009989865080218893,-0.005076836731238852,0.0009097881227599034
2025-01-21,-0.03243613559130265,0.011958277482005713,0.01704463213721064,0.017227664773743167,0.022159982119039134,0.014024488400056536,0.015366546556984287,0.014679166442507954,0.005847936674527424,0.00018140358551172432,0.009111842258946434,-0.017234381915569242,0.02846453991690264
2025-01-22,0.005330737892775529,0.01108246438692177,-0.004680797654414568,-0.0011889342518207873,0.0021310431358263697,-0.0009358800539963502,0.005122510213068569,0.011319971952029884,0.012704678164664298,0.0,0.005605753669604323,-0.008419020896958184,0.007704162304355139
2025-01-23,-0.0007597963897555634,0.0014684626670907876,0.0031229937543071854,0.008440104573170841,0.007711638240506453,0.0007276359447834027,-0.0014158718257654048,0.006731086093016109,0.0021238499314778186,0.00018115606379681188,0.005443345394285579,-0.015284702792321593,0.019219884674373168
2025-01-24,-0.0039423027556392985,0.003661680397881908,0.004222728808658599,0.009684609179184836,0.0017270020220625925,0.007559822387910719,0.006199449222329872,0.004462264016151151,-0.005667215188052217,0.0003622852189884611,-0.00292357937160618,0.004911531763045232,-0.005608339838901652
2025-01-27,0.031285703598001986,-0.0014630915303479133,-0.001553654774083681,-0.010864948376049722,0.001532554983748076,-0.0005158844095256754,-0.010459313683880304,0.003999109584540645,-0.02954675113191617,0.0001811291530535349,-0.014246384959269286,-0.021203081909510188,0.0016209716922290303
2025-01-28,0.03589196790880677,0.008746403235287217,-0.0006665793611449378,0.008379308339743098,-0.006144362879574421,-0.005381831993841384,0.008619165823801737,0.0026573020135554465,0.014671592886365638,9.065951730592909e-05,0.008555683714013778,0.011863144417672285,0.006136036548103445
2025-01-29,0.004606243268923473,0.012977853859302998,-0.0024479905219504205,-0.0030789448746989445,0.0023086000126097063,-0.001869753747521373,-0.0038478030414185464,-0.00044243678455195665,-0.001879740337336473,9.04368339188164e-05,-0.004493079310707627,-0.013789823155871057,-0.006459905329592516
2025-01-30,-0.007422231461823826,-0.007189131075822215,0.009756124553214576,0.014867034769449458,0.010513332346690947,-0.00031207244748758756,0.015031970539815968,0.02318055719268083,0.004253301865010305,9.071458328216019e-05,0.005352827294124166,-0.0003857619739515185,0.010315961326726623
2025-01-31,-0.006714689166491974,-0.004338363006469582,-0.01064779867604167,-0.011788089894750511,-0.00897732104100893,-0.0033336160510989985,0.0019744486005825435,-0.0073769200109156975,-0.0014540761610727074,0.00036184713672061345,-0.005336151231399476,0.003466609992588189,-0.009344340030941445
2025-02-03,-0.034442316412519346,0.0014481902728139466,-0.007162074208200444,-0.009560928710210087,-0.018590777067095218,-0.007298751265115886,0.005323078655223284,0.005646098387419693,-0.008035374809355792,0.00011803832886873658,-0.006752350703360224,-0.0025666974170840706,-0.013580488594554282
2025-02-04,0.020790291076551434,0.00325086630251569,0.013165394468615274,0.008975166608936741,0.021273282010673706,0.0086978579339064,0.00980023748604468,0.007335538518336821,0.012200652314226507,9.080572079416171e-05,0.0066859517231178025,-0.00399147578072021,0.01250086024077397
2025-02-05,-0.0014185638792743973,0.005036028486484737,0.0,0.01237385199602389,0.005914316595648023,0.0016680270463463403,0.00619034264242983,-0.0060371204210152105,0.0045276324867352105,9.086891044351088e-05,0.004046265293107241,-0.018490185794352576,0.022748821397172176
2025-02-06,0.0032211152511540967,-0.006840729831680067,0.007728856496760772,0.004042691517365192,0.008335004097513731,-0.0012505590915653038,-0.0026537744373774834,0.020972325032249092,0.0052061954579404835,0.00018157020995598807,0.0034695766624202613,-0.008446657293337625,-0.014143847446683663
2025-02-07,-0.02426072178083964,-0.003981927808025177,-0.0063996846208420975,-0.013345141375809106,-0.010620228599447522,-0.005857892009004828,0.001782570144409176,-0.010645229383597757,-0.01269373094236801,0.000272364917540601,-0.009195800580028172,0.005419399540078161,-0.023076714729787257
2025-02-10,0.001186639587161788,0.011539965788573218,0.007718715151104831,0.003934974785000705,0.008731970442415643,-0.0018901471833962006,0.01679638680250656,0.008949543103387657,0.01203249921974928,9.07480247487811e-05,0.006768422563038968,0.020097256003363415,-0.00991317723512387
2025-02-11,0.02159686445292075,0.0,-0.0006592551116996491,-0.0001454433008078986,0.010341353491404127,0.005450688980014077,-0.003658285589870855,0.005922200141816717,-0.00238355044271393,0.0,0.0007603140080368679,0.011177544617719163,-0.014382230680293201
2025-02-12,0.01810525909176942,0.00286430290935798,0.010713898114132267,-0.010529599716633083,0.012639653001413944,0.0028186599506080175,0.001046607072714827,-0.009747915357056252,0.0005869691172215144,0.0,-0.0032267626558505837,-0.025229321786201495,0.010278269854701882
2025-02-13,0.019482221542832363,0.00783484140644109,0.012535315207966706,0.01806585124373762,0.009558855064734606,0.006752729632215745,0.009814510830150894,0.00424994782163754,0.014283307257193767,0.0002721946734822744,0.01050224989749093,0.0009167664219309704,0.008852547884989239
2025-02-14,0.012630605061192714,-0.0007097394743309117,-0.0025806789133205645,0.0015870531423157394,0.006746283059023557,0.0029983472681467845,-0.014983466926549421,0.02264251690998328,0.004189727911309002,0.0004534932095307595,-4.927899678648575e-05,-0.007489683500142611,0.007026093112770878
2025-02-18,-0.0005316433907023222,0.007427057563978111,-0.00021529478474899443,0.0104681596593475,0.005436810475856358,-0.004034295987641061,0.01642526914447792,0.005375208710098813,0.0022645463563379007,0.0,0.0029316076010686906,0.014923688398120607,-0.0008755353355695102
2025-02-19,0.0016347888431449042,-0.005653720067806684,-0.008652468309114805,-0.006870871849027183,-0.016399848202128777,-0.0021789200204550213,0.0005539429240083393,-0.011613601918143696,0.00027802388345164687,0.0002719972436119784,0.00235213249484374,0.006346732998629853,0.013053463276315347
2025-02-20,0.003912773103173258,-0.010687641466029936,0.0002172498222094319,0.0012919240875600808,0.006774836527767083,0.007141778728621534,0.000516699154436362,0.008309158366195137,-0.004253531918648675,9.043535572104764e-05,-0.004169093818591791,0.003994660164347354,0.0020512744879264727
2025-02-21,-0.0011396136910757596,-0.01334077272074185,-0.011798278024045202,-0.008933877651022633,-0.0064073371903951345,-0.003926909988672269,-0.0009229691054979344,-0.02938926968423992,-0.020973135465453832,0.00036265775046824376,-0.017252045386825628,-0.031483282802328205,-0.011061849375266247
2025-02-24,0.006292543737412716,-0.019055122214575615,-0.0013196107701862157,-0.004496880769979749,-0.0025745461604937334,0.0008280505440846083,0.0054148811569904014,-0.01027844532029425,-0.011874435132481341,0.00018106572913622135,-0.004560757633950799,0.00819463676140123,-0.01749115344771033
2025-02-25,-0.0002428610468428315,0.001109217315142658,0.0,0.009981948449347647,0.010258367926291482,0.004850681890767403,-0.013276072540975698,0.0021501841623278416,-0.012679377457721196,0.0001813180156888864,-0.004985655886905007,-0.02451826996561233,-0.015883901241074756
2025-02-26,-0.02741243032228451,0.0022148910107907096,0.0013196107701862088,0.000575646728857467,0.002911716623102666,-0.002783788270793672,0.0015251697060953886,-0.0034423658785808797,0.0024127119163997756,0.0,0.0005047703912101719,-0.0037842833022224544,-0.004973517748973072
2025-02-27,-0.012812651969177875,-0.011496561689601082,-0.011049845667446821,-0.007364128191866849,-0.02167607474307483,-0.007877378613748962,-0.015357280506670757,-0.014326244329851622,-0.028164144748716802,9.064668075098943e-05,-0.01609083262398911,0.019178490746099074,-0.013116831417411212
2025-02-28,0.01895115592125555,-0.01200763768411021,-0.005571049869334839,-0.007710773402729614,0.0038922052471966756,-0.0027090728755272287,-0.006285532695668532,-0.020765126571228504,0.015668096811290617,0.00036207717270309063,0.01548513974520467,-0.000797309790991849,0.01831580019632099
